msaid,id,year,pop,patch_bupr,patch_bupl,patch_bua,all_bupr,all_bupl,all_bua,num_nodes,num_edges,distance,k_mean,k1,k4plus,bearing,entropy,mean_local_gridness,mean_local_gridness_max
10100,13,1900,20202.0,690.0,644.0,117.0,960.0,897.0,310.0,1012,1598,200.28181781500476,3.2362869198312234,0.12869198312236288,0.49050632911392406,"[[0.0, 0.09392471114424152], [0.10471975511965977, 0.003354453969437197], [0.20943951023931953, 0.0007454342154304882], [0.3141592653589793, 0.002609019754006709], [0.41887902047863906, 0.0014908684308609765], [0.5235987755982988, 0.0007454342154304882], [0.6283185307179586, 0.0], [0.7330382858376183, 0.0022363026462914647], [0.8377580409572781, 0.0011181513231457323], [0.9424777960769379, 0.0022363026462914647], [1.0471975511965976, 0.003727171077152441], [1.1519173063162573, 0.0007454342154304882], [1.2566370614359172, 0.0011181513231457323], [1.361356816555577, 0.003354453969437197], [1.4660765716752366, 0.1520685799478196], [1.5707963267948966, 0.12113306000745434], [1.6755160819145563, 0.003354453969437197], [1.780235837034216, 0.0011181513231457323], [1.8849555921538759, 0.0003727171077152441], [1.9896753472735356, 0.0003727171077152441], [2.0943951023931953, 0.0], [2.199114857512855, 0.0007454342154304882], [2.3038346126325147, 0.0022363026462914647], [2.4085543677521746, 0.0], [2.5132741228718345, 0.0003727171077152441], [2.617993877991494, 0.0014908684308609765], [2.722713633111154, 0.0007454342154304882], [2.827433388230814, 0.0003727171077152441], [2.9321531433504733, 0.002609019754006709], [3.036872898470133, 0.19120387625792024], [3.141592653589793, 0.09392471114424152], [3.2463124087094526, 0.003354453969437197], [3.3510321638291125, 0.0007454342154304882], [3.4557519189487724, 0.002609019754006709], [3.560471674068432, 0.0014908684308609765], [3.665191429188092, 0.0007454342154304882], [3.7699111843077517, 0.0], [3.874630939427411, 0.0022363026462914647], [3.979350694547071, 0.0011181513231457323], [4.084070449666731, 0.0022363026462914647], [4.1887902047863905, 0.003727171077152441], [4.29350995990605, 0.0007454342154304882], [4.39822971502571, 0.0011181513231457323], [4.50294947014537, 0.003354453969437197], [4.607669225265029, 0.1520685799478196], [4.71238898038469, 0.12113306000745434], [4.817108735504349, 0.003354453969437197], [4.921828490624009, 0.0011181513231457323], [5.026548245743669, 0.0003727171077152441], [5.1312680008633285, 0.0003727171077152441], [5.235987755982988, 0.0], [5.340707511102648, 0.0007454342154304882], [5.445427266222308, 0.0022363026462914647], [5.550147021341967, 0.0], [5.654866776461628, 0.0003727171077152441], [5.759586531581287, 0.0014908684308609765], [5.864306286700947, 0.0007454342154304882], [5.969026041820607, 0.0003727171077152441], [6.073745796940266, 0.002609019754006709]]",2.306810313640896,0.3688291139240506,0.32311884669479607
10100,23,1910,33521.0,1568.0,1465.0,145.0,2214.0,2040.0,539.0,119,112,11.950108167860465,1.839080459770115,0.5862068965517241,0.011494252873563218,"[[0.0, 0.08040201005025126], [0.10471975511965977, 0.01507537688442211], [0.20943951023931953, 0.0], [0.3141592653589793, 0.02512562814070352], [0.41887902047863906, 0.0], [0.5235987755982988, 0.005025125628140704], [0.6283185307179586, 0.0], [0.7330382858376183, 0.0], [0.8377580409572781, 0.005025125628140704], [0.9424777960769379, 0.010050251256281407], [1.0471975511965976, 0.005025125628140704], [1.1519173063162573, 0.01507537688442211], [1.2566370614359172, 0.010050251256281407], [1.361356816555577, 0.01507537688442211], [1.4660765716752366, 0.09045226130653267], [1.5707963267948966, 0.08542713567839195], [1.6755160819145563, 0.010050251256281407], [1.780235837034216, 0.0], [1.8849555921538759, 0.0], [1.9896753472735356, 0.0], [2.0943951023931953, 0.010050251256281407], [2.199114857512855, 0.01507537688442211], [2.3038346126325147, 0.0], [2.4085543677521746, 0.005025125628140704], [2.5132741228718345, 0.020100502512562814], [2.617993877991494, 0.0], [2.722713633111154, 0.0], [2.827433388230814, 0.010050251256281407], [2.9321531433504733, 0.005025125628140704], [3.036872898470133, 0.12562814070351758], [3.141592653589793, 0.08040201005025126], [3.2463124087094526, 0.01507537688442211], [3.3510321638291125, 0.0], [3.4557519189487724, 0.02512562814070352], [3.560471674068432, 0.0], [3.665191429188092, 0.005025125628140704], [3.7699111843077517, 0.0], [3.874630939427411, 0.0], [3.979350694547071, 0.005025125628140704], [4.084070449666731, 0.010050251256281407], [4.1887902047863905, 0.005025125628140704], [4.29350995990605, 0.01507537688442211], [4.39822971502571, 0.010050251256281407], [4.50294947014537, 0.01507537688442211], [4.607669225265029, 0.09045226130653267], [4.71238898038469, 0.08542713567839195], [4.817108735504349, 0.010050251256281407], [4.921828490624009, 0.0], [5.026548245743669, 0.0], [5.1312680008633285, 0.0], [5.235987755982988, 0.010050251256281407], [5.340707511102648, 0.01507537688442211], [5.445427266222308, 0.0], [5.550147021341967, 0.005025125628140704], [5.654866776461628, 0.020100502512562814], [5.759586531581287, 0.0], [5.864306286700947, 0.0], [5.969026041820607, 0.010050251256281407], [6.073745796940266, 0.005025125628140704]]",3.0973664113170307,0.05172413793103448,0.036398467432950186
10100,22,1910,33521.0,60.0,60.0,20.0,2214.0,2040.0,539.0,151,228,26.13086196482346,3.1666666666666665,0.15151515151515152,0.4696969696969697,"[[0.0, 0.1096938775510204], [0.10471975511965977, 0.0], [0.20943951023931953, 0.0], [0.3141592653589793, 0.002551020408163265], [0.41887902047863906, 0.002551020408163265], [0.5235987755982988, 0.0], [0.6283185307179586, 0.0], [0.7330382858376183, 0.0], [0.8377580409572781, 0.002551020408163265], [0.9424777960769379, 0.002551020408163265], [1.0471975511965976, 0.0], [1.1519173063162573, 0.0], [1.2566370614359172, 0.0], [1.361356816555577, 0.002551020408163265], [1.4660765716752366, 0.1836734693877551], [1.5707963267948966, 0.08163265306122448], [1.6755160819145563, 0.007653061224489796], [1.780235837034216, 0.00510204081632653], [1.8849555921538759, 0.0], [1.9896753472735356, 0.0], [2.0943951023931953, 0.0], [2.199114857512855, 0.0], [2.3038346126325147, 0.002551020408163265], [2.4085543677521746, 0.007653061224489796], [2.5132741228718345, 0.0], [2.617993877991494, 0.00510204081632653], [2.722713633111154, 0.0], [2.827433388230814, 0.0], [2.9321531433504733, 0.00510204081632653], [3.036872898470133, 0.16071428571428573], [3.141592653589793, 0.10714285714285714], [3.2463124087094526, 0.0], [3.3510321638291125, 0.0], [3.4557519189487724, 0.002551020408163265], [3.560471674068432, 0.002551020408163265], [3.665191429188092, 0.0], [3.7699111843077517, 0.0], [3.874630939427411, 0.0], [3.979350694547071, 0.002551020408163265], [4.084070449666731, 0.002551020408163265], [4.1887902047863905, 0.0], [4.29350995990605, 0.0], [4.39822971502571, 0.0], [4.50294947014537, 0.002551020408163265], [4.607669225265029, 0.1836734693877551], [4.71238898038469, 0.08163265306122448], [4.817108735504349, 0.007653061224489796], [4.921828490624009, 0.00510204081632653], [5.026548245743669, 0.0], [5.1312680008633285, 0.0], [5.235987755982988, 0.0], [5.340707511102648, 0.0], [5.445427266222308, 0.002551020408163265], [5.550147021341967, 0.007653061224489796], [5.654866776461628, 0.0], [5.759586531581287, 0.00510204081632653], [5.864306286700947, 0.0], [5.969026041820607, 0.0], [6.073745796940266, 0.00510204081632653]]",2.3006512549597935,0.42424242424242425,0.36616161616161613
10100,56,1920,37845.0,43.0,43.0,17.0,3387.0,3144.0,745.0,156,239,30.839082199306635,3.129251700680272,0.14285714285714285,0.41496598639455784,"[[0.0, 0.10922330097087378], [0.10471975511965977, 0.0024271844660194173], [0.20943951023931953, 0.0], [0.3141592653589793, 0.0], [0.41887902047863906, 0.0], [0.5235987755982988, 0.0], [0.6283185307179586, 0.0], [0.7330382858376183, 0.0], [0.8377580409572781, 0.0], [0.9424777960769379, 0.0], [1.0471975511965976, 0.0], [1.1519173063162573, 0.0], [1.2566370614359172, 0.0048543689320388345], [1.361356816555577, 0.0], [1.4660765716752366, 0.12864077669902912], [1.5707963267948966, 0.13349514563106796], [1.6755160819145563, 0.0024271844660194173], [1.780235837034216, 0.0], [1.8849555921538759, 0.0], [1.9896753472735356, 0.0], [2.0943951023931953, 0.0], [2.199114857512855, 0.0024271844660194173], [2.3038346126325147, 0.007281553398058253], [2.4085543677521746, 0.0024271844660194173], [2.5132741228718345, 0.0], [2.617993877991494, 0.0024271844660194173], [2.722713633111154, 0.0024271844660194173], [2.827433388230814, 0.0024271844660194173], [2.9321531433504733, 0.024271844660194174], [3.036872898470133, 0.1553398058252427], [3.141592653589793, 0.10436893203883495], [3.2463124087094526, 0.0024271844660194173], [3.3510321638291125, 0.0], [3.4557519189487724, 0.0], [3.560471674068432, 0.0], [3.665191429188092, 0.0], [3.7699111843077517, 0.0], [3.874630939427411, 0.0], [3.979350694547071, 0.0], [4.084070449666731, 0.0], [4.1887902047863905, 0.0], [4.29350995990605, 0.0], [4.39822971502571, 0.0048543689320388345], [4.50294947014537, 0.0], [4.607669225265029, 0.12864077669902912], [4.71238898038469, 0.13349514563106796], [4.817108735504349, 0.0024271844660194173], [4.921828490624009, 0.0], [5.026548245743669, 0.0], [5.1312680008633285, 0.0], [5.235987755982988, 0.0], [5.340707511102648, 0.0024271844660194173], [5.445427266222308, 0.007281553398058253], [5.550147021341967, 0.0024271844660194173], [5.654866776461628, 0.0], [5.759586531581287, 0.0024271844660194173], [5.864306286700947, 0.0024271844660194173], [5.969026041820607, 0.0024271844660194173], [6.073745796940266, 0.024271844660194174]]",2.340747883631729,0.39625850340136054,0.332766439909297
10100,55,1920,37845.0,2382.0,2234.0,176.0,3387.0,3144.0,745.0,76,66,5.2806631004012825,1.6774193548387097,0.6612903225806451,0.0,"[[0.0, 0.03669724770642202], [0.10471975511965977, 0.009174311926605505], [0.20943951023931953, 0.01834862385321101], [0.3141592653589793, 0.0], [0.41887902047863906, 0.0], [0.5235987755982988, 0.0], [0.6283185307179586, 0.009174311926605505], [0.7330382858376183, 0.0], [0.8377580409572781, 0.009174311926605505], [0.9424777960769379, 0.0], [1.0471975511965976, 0.0], [1.1519173063162573, 0.01834862385321101], [1.2566370614359172, 0.01834862385321101], [1.361356816555577, 0.009174311926605505], [1.4660765716752366, 0.1559633027522936], [1.5707963267948966, 0.045871559633027525], [1.6755160819145563, 0.009174311926605505], [1.780235837034216, 0.027522935779816515], [1.8849555921538759, 0.01834862385321101], [1.9896753472735356, 0.0], [2.0943951023931953, 0.0], [2.199114857512855, 0.0], [2.3038346126325147, 0.0], [2.4085543677521746, 0.0], [2.5132741228718345, 0.0], [2.617993877991494, 0.0], [2.722713633111154, 0.009174311926605505], [2.827433388230814, 0.0], [2.9321531433504733, 0.0], [3.036872898470133, 0.21100917431192662], [3.141592653589793, 0.03669724770642202], [3.2463124087094526, 0.009174311926605505], [3.3510321638291125, 0.01834862385321101], [3.4557519189487724, 0.0], [3.560471674068432, 0.0], [3.665191429188092, 0.0], [3.7699111843077517, 0.009174311926605505], [3.874630939427411, 0.0], [3.979350694547071, 0.009174311926605505], [4.084070449666731, 0.0], [4.1887902047863905, 0.0], [4.29350995990605, 0.01834862385321101], [4.39822971502571, 0.01834862385321101], [4.50294947014537, 0.009174311926605505], [4.607669225265029, 0.1559633027522936], [4.71238898038469, 0.045871559633027525], [4.817108735504349, 0.009174311926605505], [4.921828490624009, 0.027522935779816515], [5.026548245743669, 0.01834862385321101], [5.1312680008633285, 0.0], [5.235987755982988, 0.0], [5.340707511102648, 0.0], [5.445427266222308, 0.0], [5.550147021341967, 0.0], [5.654866776461628, 0.0], [5.759586531581287, 0.0], [5.864306286700947, 0.009174311926605505], [5.969026041820607, 0.0], [6.073745796940266, 0.0]]",2.7343535400406145,0.0,0.0
10100,3,1920,37845.0,57.0,51.0,11.0,3387.0,3144.0,745.0,54,79,12.445703130870202,3.1363636363636362,0.13636363636363635,0.38636363636363635,"[[0.0, 0.1780821917808219], [0.10471975511965977, 0.0], [0.20943951023931953, 0.0], [0.3141592653589793, 0.0], [0.41887902047863906, 0.0], [0.5235987755982988, 0.0], [0.6283185307179586, 0.0], [0.7330382858376183, 0.00684931506849315], [0.8377580409572781, 0.0], [0.9424777960769379, 0.0], [1.0471975511965976, 0.0], [1.1519173063162573, 0.0], [1.2566370614359172, 0.0], [1.361356816555577, 0.00684931506849315], [1.4660765716752366, 0.03424657534246575], [1.5707963267948966, 0.21232876712328766], [1.6755160819145563, 0.0], [1.780235837034216, 0.00684931506849315], [1.8849555921538759, 0.0], [1.9896753472735356, 0.00684931506849315], [2.0943951023931953, 0.0], [2.199114857512855, 0.0], [2.3038346126325147, 0.00684931506849315], [2.4085543677521746, 0.0], [2.5132741228718345, 0.0], [2.617993877991494, 0.0], [2.722713633111154, 0.0], [2.827433388230814, 0.0], [2.9321531433504733, 0.0], [3.036872898470133, 0.0821917808219178], [3.141592653589793, 0.1780821917808219], [3.2463124087094526, 0.0], [3.3510321638291125, 0.0], [3.4557519189487724, 0.0], [3.560471674068432, 0.0], [3.665191429188092, 0.0], [3.7699111843077517, 0.0], [3.874630939427411, 0.00684931506849315], [3.979350694547071, 0.0], [4.084070449666731, 0.0], [4.1887902047863905, 0.0], [4.29350995990605, 0.0], [4.39822971502571, 0.0], [4.50294947014537, 0.00684931506849315], [4.607669225265029, 0.03424657534246575], [4.71238898038469, 0.21232876712328766], [4.817108735504349, 0.0], [4.921828490624009, 0.00684931506849315], [5.026548245743669, 0.0], [5.1312680008633285, 0.00684931506849315], [5.235987755982988, 0.0], [5.340707511102648, 0.0], [5.445427266222308, 0.00684931506849315], [5.550147021341967, 0.0], [5.654866776461628, 0.0], [5.759586531581287, 0.0], [5.864306286700947, 0.0], [5.969026041820607, 0.0], [6.073745796940266, 0.0]]",2.050445761591945,0.27159090909090905,0.2223484848484848
10100,64,1930,40170.0,2913.0,2742.0,197.0,4049.0,3779.0,829.0,101,108,14.336258272077881,2.1818181818181817,0.45454545454545453,0.09090909090909091,"[[0.0, 0.04519774011299435], [0.10471975511965977, 0.005649717514124294], [0.20943951023931953, 0.0], [0.3141592653589793, 0.0], [0.41887902047863906, 0.0], [0.5235987755982988, 0.0], [0.6283185307179586, 0.0], [0.7330382858376183, 0.0], [0.8377580409572781, 0.0], [0.9424777960769379, 0.0], [1.0471975511965976, 0.0], [1.1519173063162573, 0.0], [1.2566370614359172, 0.0], [1.361356816555577, 0.022598870056497175], [1.4660765716752366, 0.14689265536723164], [1.5707963267948966, 0.07909604519774012], [1.6755160819145563, 0.01694915254237288], [1.780235837034216, 0.011299435028248588], [1.8849555921538759, 0.011299435028248588], [1.9896753472735356, 0.005649717514124294], [2.0943951023931953, 0.0], [2.199114857512855, 0.0], [2.3038346126325147, 0.0], [2.4085543677521746, 0.005649717514124294], [2.5132741228718345, 0.01694915254237288], [2.617993877991494, 0.0], [2.722713633111154, 0.005649717514124294], [2.827433388230814, 0.005649717514124294], [2.9321531433504733, 0.011299435028248588], [3.036872898470133, 0.22033898305084745], [3.141592653589793, 0.04519774011299435], [3.2463124087094526, 0.005649717514124294], [3.3510321638291125, 0.0], [3.4557519189487724, 0.0], [3.560471674068432, 0.0], [3.665191429188092, 0.0], [3.7699111843077517, 0.0], [3.874630939427411, 0.0], [3.979350694547071, 0.0], [4.084070449666731, 0.0], [4.1887902047863905, 0.0], [4.29350995990605, 0.0], [4.39822971502571, 0.0], [4.50294947014537, 0.022598870056497175], [4.607669225265029, 0.14689265536723164], [4.71238898038469, 0.07909604519774012], [4.817108735504349, 0.01694915254237288], [4.921828490624009, 0.011299435028248588], [5.026548245743669, 0.011299435028248588], [5.1312680008633285, 0.005649717514124294], [5.235987755982988, 0.0], [5.340707511102648, 0.0], [5.445427266222308, 0.0], [5.550147021341967, 0.005649717514124294], [5.654866776461628, 0.01694915254237288], [5.759586531581287, 0.0], [5.864306286700947, 0.005649717514124294], [5.969026041820607, 0.005649717514124294], [6.073745796940266, 0.011299435028248588]]",2.6221606783818876,0.19480519480519481,0.14069264069264067
10100,43,1930,40170.0,49.0,47.0,14.0,4049.0,3779.0,829.0,75,121,20.087299514239028,3.373134328358209,0.08955223880597014,0.5522388059701493,"[[0.0, 0.13333333333333333], [0.10471975511965977, 0.0], [0.20943951023931953, 0.0], [0.3141592653589793, 0.0], [0.41887902047863906, 0.0], [0.5235987755982988, 0.0], [0.6283185307179586, 0.0], [0.7330382858376183, 0.0], [0.8377580409572781, 0.0], [0.9424777960769379, 0.0], [1.0471975511965976, 0.0], [1.1519173063162573, 0.0], [1.2566370614359172, 0.0], [1.361356816555577, 0.0], [1.4660765716752366, 0.1], [1.5707963267948966, 0.16666666666666666], [1.6755160819145563, 0.004761904761904762], [1.780235837034216, 0.0], [1.8849555921538759, 0.0], [1.9896753472735356, 0.0], [2.0943951023931953, 0.0], [2.199114857512855, 0.0], [2.3038346126325147, 0.0], [2.4085543677521746, 0.0], [2.5132741228718345, 0.0], [2.617993877991494, 0.0], [2.722713633111154, 0.0], [2.827433388230814, 0.0], [2.9321531433504733, 0.01904761904761905], [3.036872898470133, 0.1523809523809524], [3.141592653589793, 0.13333333333333333], [3.2463124087094526, 0.0], [3.3510321638291125, 0.0], [3.4557519189487724, 0.0], [3.560471674068432, 0.0], [3.665191429188092, 0.0], [3.7699111843077517, 0.0], [3.874630939427411, 0.0], [3.979350694547071, 0.0], [4.084070449666731, 0.0], [4.1887902047863905, 0.0], [4.29350995990605, 0.0], [4.39822971502571, 0.0], [4.50294947014537, 0.0], [4.607669225265029, 0.1], [4.71238898038469, 0.16666666666666666], [4.817108735504349, 0.004761904761904762], [4.921828490624009, 0.0], [5.026548245743669, 0.0], [5.1312680008633285, 0.0], [5.235987755982988, 0.0], [5.340707511102648, 0.0], [5.445427266222308, 0.0], [5.550147021341967, 0.0], [5.654866776461628, 0.0], [5.759586531581287, 0.0], [5.864306286700947, 0.0], [5.969026041820607, 0.0], [6.073745796940266, 0.01904761904761905]]",2.0835758019698285,0.4626865671641791,0.39303482587064675
10100,65,1940,37490.0,47.0,47.0,19.0,4318.0,4042.0,865.0,158,242,31.02553210145604,3.142857142857143,0.1360544217687075,0.41496598639455784,"[[0.0, 0.11031175059952038], [0.10471975511965977, 0.002398081534772182], [0.20943951023931953, 0.0], [0.3141592653589793, 0.0], [0.41887902047863906, 0.0], [0.5235987755982988, 0.0], [0.6283185307179586, 0.0], [0.7330382858376183, 0.0], [0.8377580409572781, 0.0], [0.9424777960769379, 0.0], [1.0471975511965976, 0.0], [1.1519173063162573, 0.0], [1.2566370614359172, 0.004796163069544364], [1.361356816555577, 0.0], [1.4660765716752366, 0.12709832134292565], [1.5707963267948966, 0.1342925659472422], [1.6755160819145563, 0.002398081534772182], [1.780235837034216, 0.0], [1.8849555921538759, 0.0], [1.9896753472735356, 0.0], [2.0943951023931953, 0.0], [2.199114857512855, 0.002398081534772182], [2.3038346126325147, 0.007194244604316547], [2.4085543677521746, 0.002398081534772182], [2.5132741228718345, 0.0], [2.617993877991494, 0.002398081534772182], [2.722713633111154, 0.002398081534772182], [2.827433388230814, 0.002398081534772182], [2.9321531433504733, 0.023980815347721823], [3.036872898470133, 0.15587529976019185], [3.141592653589793, 0.10551558752997602], [3.2463124087094526, 0.002398081534772182], [3.3510321638291125, 0.0], [3.4557519189487724, 0.0], [3.560471674068432, 0.0], [3.665191429188092, 0.0], [3.7699111843077517, 0.0], [3.874630939427411, 0.0], [3.979350694547071, 0.0], [4.084070449666731, 0.0], [4.1887902047863905, 0.0], [4.29350995990605, 0.0], [4.39822971502571, 0.004796163069544364], [4.50294947014537, 0.0], [4.607669225265029, 0.12709832134292565], [4.71238898038469, 0.1342925659472422], [4.817108735504349, 0.002398081534772182], [4.921828490624009, 0.0], [5.026548245743669, 0.0], [5.1312680008633285, 0.0], [5.235987755982988, 0.0], [5.340707511102648, 0.002398081534772182], [5.445427266222308, 0.007194244604316547], [5.550147021341967, 0.002398081534772182], [5.654866776461628, 0.0], [5.759586531581287, 0.002398081534772182], [5.864306286700947, 0.002398081534772182], [5.969026041820607, 0.002398081534772182], [6.073745796940266, 0.023980815347721823]]",2.3374907369376285,0.39625850340136054,0.332766439909297
10100,67,1940,37490.0,3131.0,2954.0,206.0,4318.0,4042.0,865.0,16,13,1.029012921904916,1.5,0.75,0.0,"[[0.0, 0.13043478260869565], [0.10471975511965977, 0.0], [0.20943951023931953, 0.0], [0.3141592653589793, 0.0], [0.41887902047863906, 0.0], [0.5235987755982988, 0.043478260869565216], [0.6283185307179586, 0.0], [0.7330382858376183, 0.0], [0.8377580409572781, 0.0], [0.9424777960769379, 0.0], [1.0471975511965976, 0.0], [1.1519173063162573, 0.0], [1.2566370614359172, 0.0], [1.361356816555577, 0.0], [1.4660765716752366, 0.13043478260869565], [1.5707963267948966, 0.13043478260869565], [1.6755160819145563, 0.0], [1.780235837034216, 0.0], [1.8849555921538759, 0.0], [1.9896753472735356, 0.0], [2.0943951023931953, 0.0], [2.199114857512855, 0.0], [2.3038346126325147, 0.0], [2.4085543677521746, 0.0], [2.5132741228718345, 0.0], [2.617993877991494, 0.0], [2.722713633111154, 0.0], [2.827433388230814, 0.0], [2.9321531433504733, 0.0], [3.036872898470133, 0.13043478260869565], [3.141592653589793, 0.13043478260869565], [3.2463124087094526, 0.0], [3.3510321638291125, 0.0], [3.4557519189487724, 0.0], [3.560471674068432, 0.0], [3.665191429188092, 0.043478260869565216], [3.7699111843077517, 0.0], [3.874630939427411, 0.0], [3.979350694547071, 0.0], [4.084070449666731, 0.0], [4.1887902047863905, 0.0], [4.29350995990605, 0.0], [4.39822971502571, 0.0], [4.50294947014537, 0.0], [4.607669225265029, 0.13043478260869565], [4.71238898038469, 0.13043478260869565], [4.817108735504349, 0.0], [4.921828490624009, 0.0], [5.026548245743669, 0.0], [5.1312680008633285, 0.0], [5.235987755982988, 0.0], [5.340707511102648, 0.0], [5.445427266222308, 0.0], [5.550147021341967, 0.0], [5.654866776461628, 0.0], [5.759586531581287, 0.0], [5.864306286700947, 0.0], [5.969026041820607, 0.0], [6.073745796940266, 0.0]]",2.132413430623484,0.0,0.0
10100,80,1950,39892.0,3736.0,3526.0,221.0,5052.0,4738.0,933.0,18,15,1.2862400837578167,1.6,0.7333333333333333,0.06666666666666667,"[[0.0, 0.041666666666666664], [0.10471975511965977, 0.0], [0.20943951023931953, 0.0], [0.3141592653589793, 0.0], [0.41887902047863906, 0.0], [0.5235987755982988, 0.0], [0.6283185307179586, 0.0], [0.7330382858376183, 0.0], [0.8377580409572781, 0.0], [0.9424777960769379, 0.0], [1.0471975511965976, 0.0], [1.1519173063162573, 0.0], [1.2566370614359172, 0.041666666666666664], [1.361356816555577, 0.0], [1.4660765716752366, 0.125], [1.5707963267948966, 0.125], [1.6755160819145563, 0.0], [1.780235837034216, 0.0], [1.8849555921538759, 0.0], [1.9896753472735356, 0.0], [2.0943951023931953, 0.0], [2.199114857512855, 0.0], [2.3038346126325147, 0.0], [2.4085543677521746, 0.0], [2.5132741228718345, 0.0], [2.617993877991494, 0.041666666666666664], [2.722713633111154, 0.0], [2.827433388230814, 0.0], [2.9321531433504733, 0.0], [3.036872898470133, 0.25], [3.141592653589793, 0.041666666666666664], [3.2463124087094526, 0.0], [3.3510321638291125, 0.0], [3.4557519189487724, 0.0], [3.560471674068432, 0.0], [3.665191429188092, 0.0], [3.7699111843077517, 0.0], [3.874630939427411, 0.0], [3.979350694547071, 0.0], [4.084070449666731, 0.0], [4.1887902047863905, 0.0], [4.29350995990605, 0.0], [4.39822971502571, 0.041666666666666664], [4.50294947014537, 0.0], [4.607669225265029, 0.125], [4.71238898038469, 0.125], [4.817108735504349, 0.0], [4.921828490624009, 0.0], [5.026548245743669, 0.0], [5.1312680008633285, 0.0], [5.235987755982988, 0.0], [5.340707511102648, 0.0], [5.445427266222308, 0.0], [5.550147021341967, 0.0], [5.654866776461628, 0.0], [5.759586531581287, 0.041666666666666664], [5.864306286700947, 0.0], [5.969026041820607, 0.0], [6.073745796940266, 0.0]]",2.1808078187068767,0.05,0.03888888888888888
10100,106,1960,40185.0,4731.0,4443.0,264.0,6206.0,5810.0,1048.0,75,80,11.571862742403196,2.142857142857143,0.4857142857142857,0.11428571428571428,"[[0.0, 0.07913669064748201], [0.10471975511965977, 0.014388489208633094], [0.20943951023931953, 0.014388489208633094], [0.3141592653589793, 0.007194244604316547], [0.41887902047863906, 0.0], [0.5235987755982988, 0.007194244604316547], [0.6283185307179586, 0.0], [0.7330382858376183, 0.007194244604316547], [0.8377580409572781, 0.0], [0.9424777960769379, 0.0], [1.0471975511965976, 0.0], [1.1519173063162573, 0.0], [1.2566370614359172, 0.007194244604316547], [1.361356816555577, 0.0], [1.4660765716752366, 0.15827338129496402], [1.5707963267948966, 0.03597122302158273], [1.6755160819145563, 0.007194244604316547], [1.780235837034216, 0.02877697841726619], [1.8849555921538759, 0.014388489208633094], [1.9896753472735356, 0.0], [2.0943951023931953, 0.007194244604316547], [2.199114857512855, 0.007194244604316547], [2.3038346126325147, 0.014388489208633094], [2.4085543677521746, 0.0], [2.5132741228718345, 0.007194244604316547], [2.617993877991494, 0.007194244604316547], [2.722713633111154, 0.0], [2.827433388230814, 0.0], [2.9321531433504733, 0.007194244604316547], [3.036872898470133, 0.14388489208633093], [3.141592653589793, 0.07194244604316546], [3.2463124087094526, 0.014388489208633094], [3.3510321638291125, 0.014388489208633094], [3.4557519189487724, 0.007194244604316547], [3.560471674068432, 0.0], [3.665191429188092, 0.007194244604316547], [3.7699111843077517, 0.0], [3.874630939427411, 0.007194244604316547], [3.979350694547071, 0.0], [4.084070449666731, 0.0], [4.1887902047863905, 0.0], [4.29350995990605, 0.0], [4.39822971502571, 0.007194244604316547], [4.50294947014537, 0.0], [4.607669225265029, 0.15827338129496402], [4.71238898038469, 0.03597122302158273], [4.817108735504349, 0.007194244604316547], [4.921828490624009, 0.02877697841726619], [5.026548245743669, 0.014388489208633094], [5.1312680008633285, 0.0], [5.235987755982988, 0.007194244604316547], [5.340707511102648, 0.007194244604316547], [5.445427266222308, 0.014388489208633094], [5.550147021341967, 0.0], [5.654866776461628, 0.007194244604316547], [5.759586531581287, 0.007194244604316547], [5.864306286700947, 0.0], [5.969026041820607, 0.0], [6.073745796940266, 0.007194244604316547]]",2.894198384556393,0.10714285714285714,0.08095238095238094
10100,84,1960,40185.0,54.0,54.0,11.0,6206.0,5810.0,1048.0,66,100,12.409273783492416,3.2363636363636363,0.14545454545454545,0.5272727272727272,"[[0.0, 0.13793103448275862], [0.10471975511965977, 0.005747126436781609], [0.20943951023931953, 0.0], [0.3141592653589793, 0.0], [0.41887902047863906, 0.0], [0.5235987755982988, 0.0], [0.6283185307179586, 0.0], [0.7330382858376183, 0.0], [0.8377580409572781, 0.0], [0.9424777960769379, 0.0], [1.0471975511965976, 0.0], [1.1519173063162573, 0.0], [1.2566370614359172, 0.005747126436781609], [1.361356816555577, 0.005747126436781609], [1.4660765716752366, 0.13793103448275862], [1.5707963267948966, 0.12643678160919541], [1.6755160819145563, 0.005747126436781609], [1.780235837034216, 0.0], [1.8849555921538759, 0.0], [1.9896753472735356, 0.0], [2.0943951023931953, 0.0], [2.199114857512855, 0.0], [2.3038346126325147, 0.0], [2.4085543677521746, 0.0], [2.5132741228718345, 0.0], [2.617993877991494, 0.0], [2.722713633111154, 0.0], [2.827433388230814, 0.0], [2.9321531433504733, 0.0], [3.036872898470133, 0.14942528735632185], [3.141592653589793, 0.13793103448275862], [3.2463124087094526, 0.005747126436781609], [3.3510321638291125, 0.0], [3.4557519189487724, 0.0], [3.560471674068432, 0.0], [3.665191429188092, 0.0], [3.7699111843077517, 0.0], [3.874630939427411, 0.0], [3.979350694547071, 0.0], [4.084070449666731, 0.0], [4.1887902047863905, 0.0], [4.29350995990605, 0.0], [4.39822971502571, 0.005747126436781609], [4.50294947014537, 0.005747126436781609], [4.607669225265029, 0.13793103448275862], [4.71238898038469, 0.12643678160919541], [4.817108735504349, 0.005747126436781609], [4.921828490624009, 0.0], [5.026548245743669, 0.0], [5.1312680008633285, 0.0], [5.235987755982988, 0.0], [5.340707511102648, 0.0], [5.445427266222308, 0.0], [5.550147021341967, 0.0], [5.654866776461628, 0.0], [5.759586531581287, 0.0], [5.864306286700947, 0.0], [5.969026041820607, 0.0], [6.073745796940266, 0.0]]",2.1371613586988554,0.5272727272727272,0.44848484848484843
10100,96,1970,42468.0,87.0,87.0,26.0,7622.0,7146.0,1217.0,12,9,0.32486340300862826,1.3333333333333333,0.8888888888888888,0.1111111111111111,"[[0.0, 0.0], [0.10471975511965977, 0.0], [0.20943951023931953, 0.0], [0.3141592653589793, 0.0], [0.41887902047863906, 0.0], [0.5235987755982988, 0.0], [0.6283185307179586, 0.0], [0.7330382858376183, 0.0], [0.8377580409572781, 0.0], [0.9424777960769379, 0.0], [1.0471975511965976, 0.0], [1.1519173063162573, 0.0], [1.2566370614359172, 0.0], [1.361356816555577, 0.0], [1.4660765716752366, 0.21428571428571427], [1.5707963267948966, 0.07142857142857142], [1.6755160819145563, 0.07142857142857142], [1.780235837034216, 0.0], [1.8849555921538759, 0.0], [1.9896753472735356, 0.0], [2.0943951023931953, 0.0], [2.199114857512855, 0.0], [2.3038346126325147, 0.0], [2.4085543677521746, 0.0], [2.5132741228718345, 0.0], [2.617993877991494, 0.0], [2.722713633111154, 0.0], [2.827433388230814, 0.0], [2.9321531433504733, 0.0], [3.036872898470133, 0.2857142857142857], [3.141592653589793, 0.0], [3.2463124087094526, 0.0], [3.3510321638291125, 0.0], [3.4557519189487724, 0.0], [3.560471674068432, 0.0], [3.665191429188092, 0.0], [3.7699111843077517, 0.0], [3.874630939427411, 0.0], [3.979350694547071, 0.0], [4.084070449666731, 0.0], [4.1887902047863905, 0.0], [4.29350995990605, 0.0], [4.39822971502571, 0.0], [4.50294947014537, 0.0], [4.607669225265029, 0.21428571428571427], [4.71238898038469, 0.07142857142857142], [4.817108735504349, 0.07142857142857142], [4.921828490624009, 0.0], [5.026548245743669, 0.0], [5.1312680008633285, 0.0], [5.235987755982988, 0.0], [5.340707511102648, 0.0], [5.445427266222308, 0.0], [5.550147021341967, 0.0], [5.654866776461628, 0.0], [5.759586531581287, 0.0], [5.864306286700947, 0.0], [5.969026041820607, 0.0], [6.073745796940266, 0.0]]",1.7721393884375287,0.0,0.0
10100,95,1970,42468.0,69.0,69.0,33.0,7622.0,7146.0,1217.0,60,83,22.963382572854133,2.8363636363636364,0.16363636363636364,0.16363636363636364,"[[0.0, 0.022900763358778626], [0.10471975511965977, 0.0], [0.20943951023931953, 0.0], [0.3141592653589793, 0.0], [0.41887902047863906, 0.015267175572519083], [0.5235987755982988, 0.015267175572519083], [0.6283185307179586, 0.0], [0.7330382858376183, 0.007633587786259542], [0.8377580409572781, 0.0], [0.9424777960769379, 0.007633587786259542], [1.0471975511965976, 0.0], [1.1519173063162573, 0.0], [1.2566370614359172, 0.0], [1.361356816555577, 0.0], [1.4660765716752366, 0.19083969465648856], [1.5707963267948966, 0.07633587786259542], [1.6755160819145563, 0.007633587786259542], [1.780235837034216, 0.0], [1.8849555921538759, 0.007633587786259542], [1.9896753472735356, 0.0], [2.0943951023931953, 0.0], [2.199114857512855, 0.0], [2.3038346126325147, 0.0], [2.4085543677521746, 0.0], [2.5132741228718345, 0.007633587786259542], [2.617993877991494, 0.007633587786259542], [2.722713633111154, 0.0], [2.827433388230814, 0.0], [2.9321531433504733, 0.0], [3.036872898470133, 0.26717557251908397], [3.141592653589793, 0.022900763358778626], [3.2463124087094526, 0.0], [3.3510321638291125, 0.0], [3.4557519189487724, 0.0], [3.560471674068432, 0.015267175572519083], [3.665191429188092, 0.015267175572519083], [3.7699111843077517, 0.0], [3.874630939427411, 0.007633587786259542], [3.979350694547071, 0.0], [4.084070449666731, 0.007633587786259542], [4.1887902047863905, 0.0], [4.29350995990605, 0.0], [4.39822971502571, 0.0], [4.50294947014537, 0.0], [4.607669225265029, 0.19083969465648856], [4.71238898038469, 0.07633587786259542], [4.817108735504349, 0.007633587786259542], [4.921828490624009, 0.0], [5.026548245743669, 0.007633587786259542], [5.1312680008633285, 0.0], [5.235987755982988, 0.0], [5.340707511102648, 0.0], [5.445427266222308, 0.0], [5.550147021341967, 0.0], [5.654866776461628, 0.007633587786259542], [5.759586531581287, 0.007633587786259542], [5.864306286700947, 0.0], [5.969026041820607, 0.0], [6.073745796940266, 0.0]]",2.2525291824995586,0.3181818181818182,0.2333333333333333
10100,102,1970,42468.0,5878.0,5522.0,326.0,7622.0,7146.0,1217.0,47,44,7.654405730718459,1.8285714285714285,0.6,0.02857142857142857,"[[0.0, 0.07352941176470588], [0.10471975511965977, 0.0], [0.20943951023931953, 0.014705882352941176], [0.3141592653589793, 0.0], [0.41887902047863906, 0.0], [0.5235987755982988, 0.0], [0.6283185307179586, 0.0], [0.7330382858376183, 0.0], [0.8377580409572781, 0.0], [0.9424777960769379, 0.0], [1.0471975511965976, 0.0], [1.1519173063162573, 0.0], [1.2566370614359172, 0.0], [1.361356816555577, 0.0], [1.4660765716752366, 0.10294117647058823], [1.5707963267948966, 0.16176470588235295], [1.6755160819145563, 0.014705882352941176], [1.780235837034216, 0.0], [1.8849555921538759, 0.0], [1.9896753472735356, 0.0], [2.0943951023931953, 0.0], [2.199114857512855, 0.0], [2.3038346126325147, 0.0], [2.4085543677521746, 0.0], [2.5132741228718345, 0.0], [2.617993877991494, 0.0], [2.722713633111154, 0.0], [2.827433388230814, 0.0], [2.9321531433504733, 0.0], [3.036872898470133, 0.27941176470588236], [3.141592653589793, 0.058823529411764705], [3.2463124087094526, 0.0], [3.3510321638291125, 0.014705882352941176], [3.4557519189487724, 0.0], [3.560471674068432, 0.0], [3.665191429188092, 0.0], [3.7699111843077517, 0.0], [3.874630939427411, 0.0], [3.979350694547071, 0.0], [4.084070449666731, 0.0], [4.1887902047863905, 0.0], [4.29350995990605, 0.0], [4.39822971502571, 0.0], [4.50294947014537, 0.0], [4.607669225265029, 0.10294117647058823], [4.71238898038469, 0.16176470588235295], [4.817108735504349, 0.014705882352941176], [4.921828490624009, 0.0], [5.026548245743669, 0.0], [5.1312680008633285, 0.0], [5.235987755982988, 0.0], [5.340707511102648, 0.0], [5.445427266222308, 0.0], [5.550147021341967, 0.0], [5.654866776461628, 0.0], [5.759586531581287, 0.0], [5.864306286700947, 0.0], [5.969026041820607, 0.0], [6.073745796940266, 0.0]]",2.0204908566591806,0.05714285714285714,0.03809523809523809
10100,121,1980,42121.0,110.0,110.0,31.0,9376.0,8773.0,1530.0,3,2,0.0,1.0,1.0,0.0,"[[0.0, 0.0], [0.10471975511965977, 0.0], [0.20943951023931953, 0.0], [0.3141592653589793, 0.0], [0.41887902047863906, 0.0], [0.5235987755982988, 0.0], [0.6283185307179586, 0.0], [0.7330382858376183, 0.0], [0.8377580409572781, 0.0], [0.9424777960769379, 0.0], [1.0471975511965976, 0.0], [1.1519173063162573, 0.0], [1.2566370614359172, 0.0], [1.361356816555577, 0.0], [1.4660765716752366, 0.0], [1.5707963267948966, 0.0], [1.6755160819145563, 0.0], [1.780235837034216, 0.0], [1.8849555921538759, 0.0], [1.9896753472735356, 0.0], [2.0943951023931953, 0.0], [2.199114857512855, 0.0], [2.3038346126325147, 0.0], [2.4085543677521746, 0.3333333333333333], [2.5132741228718345, 0.0], [2.617993877991494, 0.0], [2.722713633111154, 0.0], [2.827433388230814, 0.0], [2.9321531433504733, 0.0], [3.036872898470133, 0.3333333333333333], [3.141592653589793, 0.0], [3.2463124087094526, 0.0], [3.3510321638291125, 0.0], [3.4557519189487724, 0.0], [3.560471674068432, 0.0], [3.665191429188092, 0.0], [3.7699111843077517, 0.0], [3.874630939427411, 0.0], [3.979350694547071, 0.0], [4.084070449666731, 0.0], [4.1887902047863905, 0.0], [4.29350995990605, 0.0], [4.39822971502571, 0.0], [4.50294947014537, 0.0], [4.607669225265029, 0.0], [4.71238898038469, 0.0], [4.817108735504349, 0.0], [4.921828490624009, 0.0], [5.026548245743669, 0.0], [5.1312680008633285, 0.0], [5.235987755982988, 0.0], [5.340707511102648, 0.0], [5.445427266222308, 0.0], [5.550147021341967, 0.3333333333333333], [5.654866776461628, 0.0], [5.759586531581287, 0.0], [5.864306286700947, 0.0], [5.969026041820607, 0.0], [6.073745796940266, 0.0]]",1.0986122886681096,0.0,0.0
10100,120,1980,42121.0,90.0,90.0,43.0,9376.0,8773.0,1530.0,5,3,0.0,1.0,1.0,0.0,"[[0.0, 0.0], [0.10471975511965977, 0.0], [0.20943951023931953, 0.0], [0.3141592653589793, 0.0], [0.41887902047863906, 0.0], [0.5235987755982988, 0.0], [0.6283185307179586, 0.0], [0.7330382858376183, 0.0], [0.8377580409572781, 0.0], [0.9424777960769379, 0.0], [1.0471975511965976, 0.0], [1.1519173063162573, 0.0], [1.2566370614359172, 0.0], [1.361356816555577, 0.0], [1.4660765716752366, 0.4], [1.5707963267948966, 0.0], [1.6755160819145563, 0.0], [1.780235837034216, 0.0], [1.8849555921538759, 0.0], [1.9896753472735356, 0.0], [2.0943951023931953, 0.0], [2.199114857512855, 0.0], [2.3038346126325147, 0.0], [2.4085543677521746, 0.0], [2.5132741228718345, 0.0], [2.617993877991494, 0.0], [2.722713633111154, 0.0], [2.827433388230814, 0.0], [2.9321531433504733, 0.0], [3.036872898470133, 0.2], [3.141592653589793, 0.0], [3.2463124087094526, 0.0], [3.3510321638291125, 0.0], [3.4557519189487724, 0.0], [3.560471674068432, 0.0], [3.665191429188092, 0.0], [3.7699111843077517, 0.0], [3.874630939427411, 0.0], [3.979350694547071, 0.0], [4.084070449666731, 0.0], [4.1887902047863905, 0.0], [4.29350995990605, 0.0], [4.39822971502571, 0.0], [4.50294947014537, 0.0], [4.607669225265029, 0.4], [4.71238898038469, 0.0], [4.817108735504349, 0.0], [4.921828490624009, 0.0], [5.026548245743669, 0.0], [5.1312680008633285, 0.0], [5.235987755982988, 0.0], [5.340707511102648, 0.0], [5.445427266222308, 0.0], [5.550147021341967, 0.0], [5.654866776461628, 0.0], [5.759586531581287, 0.0], [5.864306286700947, 0.0], [5.969026041820607, 0.0], [6.073745796940266, 0.0]]",1.0549201679861442,0.0,0.0
10100,130,1980,42121.0,7389.0,6925.0,554.0,9376.0,8773.0,1530.0,205,221,93.87739455329283,2.206451612903226,0.4258064516129032,0.05806451612903226,"[[0.0, 0.051075268817204304], [0.10471975511965977, 0.008064516129032258], [0.20943951023931953, 0.008064516129032258], [0.3141592653589793, 0.005376344086021506], [0.41887902047863906, 0.0], [0.5235987755982988, 0.005376344086021506], [0.6283185307179586, 0.005376344086021506], [0.7330382858376183, 0.0], [0.8377580409572781, 0.002688172043010753], [0.9424777960769379, 0.0], [1.0471975511965976, 0.0], [1.1519173063162573, 0.010752688172043012], [1.2566370614359172, 0.016129032258064516], [1.361356816555577, 0.010752688172043012], [1.4660765716752366, 0.13172043010752688], [1.5707963267948966, 0.07258064516129033], [1.6755160819145563, 0.005376344086021506], [1.780235837034216, 0.008064516129032258], [1.8849555921538759, 0.008064516129032258], [1.9896753472735356, 0.002688172043010753], [2.0943951023931953, 0.008064516129032258], [2.199114857512855, 0.005376344086021506], [2.3038346126325147, 0.013440860215053764], [2.4085543677521746, 0.005376344086021506], [2.5132741228718345, 0.002688172043010753], [2.617993877991494, 0.005376344086021506], [2.722713633111154, 0.005376344086021506], [2.827433388230814, 0.008064516129032258], [2.9321531433504733, 0.008064516129032258], [3.036872898470133, 0.18010752688172044], [3.141592653589793, 0.043010752688172046], [3.2463124087094526, 0.008064516129032258], [3.3510321638291125, 0.008064516129032258], [3.4557519189487724, 0.005376344086021506], [3.560471674068432, 0.0], [3.665191429188092, 0.005376344086021506], [3.7699111843077517, 0.005376344086021506], [3.874630939427411, 0.0], [3.979350694547071, 0.002688172043010753], [4.084070449666731, 0.0], [4.1887902047863905, 0.0], [4.29350995990605, 0.010752688172043012], [4.39822971502571, 0.016129032258064516], [4.50294947014537, 0.010752688172043012], [4.607669225265029, 0.13172043010752688], [4.71238898038469, 0.07258064516129033], [4.817108735504349, 0.005376344086021506], [4.921828490624009, 0.008064516129032258], [5.026548245743669, 0.008064516129032258], [5.1312680008633285, 0.002688172043010753], [5.235987755982988, 0.008064516129032258], [5.340707511102648, 0.005376344086021506], [5.445427266222308, 0.013440860215053764], [5.550147021341967, 0.005376344086021506], [5.654866776461628, 0.002688172043010753], [5.759586531581287, 0.005376344086021506], [5.864306286700947, 0.005376344086021506], [5.969026041820607, 0.008064516129032258], [6.073745796940266, 0.008064516129032258]]",3.043914354076255,0.05,0.03387096774193549
10100,110,1980,42121.0,157.0,157.0,27.0,9376.0,8773.0,1530.0,8,6,0.1739095577687851,1.5,0.75,0.0,"[[0.0, 0.0], [0.10471975511965977, 0.0], [0.20943951023931953, 0.0], [0.3141592653589793, 0.0], [0.41887902047863906, 0.0], [0.5235987755982988, 0.0], [0.6283185307179586, 0.0], [0.7330382858376183, 0.0], [0.8377580409572781, 0.0], [0.9424777960769379, 0.0], [1.0471975511965976, 0.0], [1.1519173063162573, 0.0], [1.2566370614359172, 0.0], [1.361356816555577, 0.0], [1.4660765716752366, 0.2], [1.5707963267948966, 0.0], [1.6755160819145563, 0.0], [1.780235837034216, 0.0], [1.8849555921538759, 0.0], [1.9896753472735356, 0.0], [2.0943951023931953, 0.0], [2.199114857512855, 0.0], [2.3038346126325147, 0.0], [2.4085543677521746, 0.0], [2.5132741228718345, 0.0], [2.617993877991494, 0.1], [2.722713633111154, 0.0], [2.827433388230814, 0.0], [2.9321531433504733, 0.1], [3.036872898470133, 0.2], [3.141592653589793, 0.0], [3.2463124087094526, 0.0], [3.3510321638291125, 0.0], [3.4557519189487724, 0.0], [3.560471674068432, 0.0], [3.665191429188092, 0.0], [3.7699111843077517, 0.0], [3.874630939427411, 0.0], [3.979350694547071, 0.0], [4.084070449666731, 0.0], [4.1887902047863905, 0.0], [4.29350995990605, 0.0], [4.39822971502571, 0.0], [4.50294947014537, 0.0], [4.607669225265029, 0.2], [4.71238898038469, 0.0], [4.817108735504349, 0.0], [4.921828490624009, 0.0], [5.026548245743669, 0.0], [5.1312680008633285, 0.0], [5.235987755982988, 0.0], [5.340707511102648, 0.0], [5.445427266222308, 0.0], [5.550147021341967, 0.0], [5.654866776461628, 0.0], [5.759586531581287, 0.1], [5.864306286700947, 0.0], [5.969026041820607, 0.0], [6.073745796940266, 0.1]]",1.8866967846580784,0.0,0.0
10100,138,1990,39936.0,7743.0,7202.0,575.0,9883.0,9195.0,1598.0,11,8,0.3618489360376201,1.4,0.8,0.0,"[[0.0, 0.07142857142857142], [0.10471975511965977, 0.0], [0.20943951023931953, 0.0], [0.3141592653589793, 0.0], [0.41887902047863906, 0.0], [0.5235987755982988, 0.0], [0.6283185307179586, 0.0], [0.7330382858376183, 0.0], [0.8377580409572781, 0.0], [0.9424777960769379, 0.0], [1.0471975511965976, 0.0], [1.1519173063162573, 0.0], [1.2566370614359172, 0.0], [1.361356816555577, 0.0], [1.4660765716752366, 0.0], [1.5707963267948966, 0.2857142857142857], [1.6755160819145563, 0.0], [1.780235837034216, 0.0], [1.8849555921538759, 0.0], [1.9896753472735356, 0.0], [2.0943951023931953, 0.0], [2.199114857512855, 0.0], [2.3038346126325147, 0.0], [2.4085543677521746, 0.0], [2.5132741228718345, 0.0], [2.617993877991494, 0.0], [2.722713633111154, 0.07142857142857142], [2.827433388230814, 0.0], [2.9321531433504733, 0.0], [3.036872898470133, 0.14285714285714285], [3.141592653589793, 0.07142857142857142], [3.2463124087094526, 0.0], [3.3510321638291125, 0.0], [3.4557519189487724, 0.0], [3.560471674068432, 0.0], [3.665191429188092, 0.0], [3.7699111843077517, 0.0], [3.874630939427411, 0.0], [3.979350694547071, 0.0], [4.084070449666731, 0.0], [4.1887902047863905, 0.0], [4.29350995990605, 0.0], [4.39822971502571, 0.0], [4.50294947014537, 0.0], [4.607669225265029, 0.0], [4.71238898038469, 0.2857142857142857], [4.817108735504349, 0.0], [4.921828490624009, 0.0], [5.026548245743669, 0.0], [5.1312680008633285, 0.0], [5.235987755982988, 0.0], [5.340707511102648, 0.0], [5.445427266222308, 0.0], [5.550147021341967, 0.0], [5.654866776461628, 0.0], [5.759586531581287, 0.0], [5.864306286700947, 0.07142857142857142], [5.969026041820607, 0.0], [6.073745796940266, 0.0]]",1.7478680974667575,0.0,0.0
10100,123,1990,39936.0,94.0,91.0,35.0,9883.0,9195.0,1598.0,59,68,33.05513821972869,2.4186046511627906,0.32558139534883723,0.06976744186046512,"[[0.0, 0.04918032786885246], [0.10471975511965977, 0.02459016393442623], [0.20943951023931953, 0.0], [0.3141592653589793, 0.00819672131147541], [0.41887902047863906, 0.0], [0.5235987755982988, 0.01639344262295082], [0.6283185307179586, 0.00819672131147541], [0.7330382858376183, 0.00819672131147541], [0.8377580409572781, 0.0], [0.9424777960769379, 0.02459016393442623], [1.0471975511965976, 0.00819672131147541], [1.1519173063162573, 0.0], [1.2566370614359172, 0.01639344262295082], [1.361356816555577, 0.02459016393442623], [1.4660765716752366, 0.04918032786885246], [1.5707963267948966, 0.11475409836065574], [1.6755160819145563, 0.0], [1.780235837034216, 0.01639344262295082], [1.8849555921538759, 0.00819672131147541], [1.9896753472735356, 0.0], [2.0943951023931953, 0.0], [2.199114857512855, 0.0], [2.3038346126325147, 0.0], [2.4085543677521746, 0.00819672131147541], [2.5132741228718345, 0.00819672131147541], [2.617993877991494, 0.00819672131147541], [2.722713633111154, 0.01639344262295082], [2.827433388230814, 0.01639344262295082], [2.9321531433504733, 0.01639344262295082], [3.036872898470133, 0.10655737704918032], [3.141592653589793, 0.040983606557377046], [3.2463124087094526, 0.02459016393442623], [3.3510321638291125, 0.0], [3.4557519189487724, 0.00819672131147541], [3.560471674068432, 0.0], [3.665191429188092, 0.01639344262295082], [3.7699111843077517, 0.00819672131147541], [3.874630939427411, 0.00819672131147541], [3.979350694547071, 0.0], [4.084070449666731, 0.02459016393442623], [4.1887902047863905, 0.00819672131147541], [4.29350995990605, 0.0], [4.39822971502571, 0.01639344262295082], [4.50294947014537, 0.02459016393442623], [4.607669225265029, 0.04918032786885246], [4.71238898038469, 0.11475409836065574], [4.817108735504349, 0.0], [4.921828490624009, 0.01639344262295082], [5.026548245743669, 0.00819672131147541], [5.1312680008633285, 0.0], [5.235987755982988, 0.0], [5.340707511102648, 0.0], [5.445427266222308, 0.0], [5.550147021341967, 0.00819672131147541], [5.654866776461628, 0.00819672131147541], [5.759586531581287, 0.00819672131147541], [5.864306286700947, 0.01639344262295082], [5.969026041820607, 0.01639344262295082], [6.073745796940266, 0.01639344262295082]]",3.2962557954384417,0.11046511627906977,0.07945736434108527
10100,135,2000,39827.0,126.0,126.0,57.0,10776.0,9962.0,1746.0,9,7,2.391501923071074,1.3333333333333333,0.8333333333333334,0.0,"[[0.0, 0.0], [0.10471975511965977, 0.08333333333333333], [0.20943951023931953, 0.0], [0.3141592653589793, 0.0], [0.41887902047863906, 0.0], [0.5235987755982988, 0.0], [0.6283185307179586, 0.0], [0.7330382858376183, 0.0], [0.8377580409572781, 0.0], [0.9424777960769379, 0.0], [1.0471975511965976, 0.0], [1.1519173063162573, 0.0], [1.2566370614359172, 0.0], [1.361356816555577, 0.0], [1.4660765716752366, 0.3333333333333333], [1.5707963267948966, 0.0], [1.6755160819145563, 0.0], [1.780235837034216, 0.0], [1.8849555921538759, 0.0], [1.9896753472735356, 0.0], [2.0943951023931953, 0.0], [2.199114857512855, 0.0], [2.3038346126325147, 0.0], [2.4085543677521746, 0.0], [2.5132741228718345, 0.0], [2.617993877991494, 0.0], [2.722713633111154, 0.0], [2.827433388230814, 0.0], [2.9321531433504733, 0.0], [3.036872898470133, 0.16666666666666666], [3.141592653589793, 0.0], [3.2463124087094526, 0.08333333333333333], [3.3510321638291125, 0.0], [3.4557519189487724, 0.0], [3.560471674068432, 0.0], [3.665191429188092, 0.0], [3.7699111843077517, 0.0], [3.874630939427411, 0.0], [3.979350694547071, 0.0], [4.084070449666731, 0.0], [4.1887902047863905, 0.0], [4.29350995990605, 0.0], [4.39822971502571, 0.0], [4.50294947014537, 0.0], [4.607669225265029, 0.3333333333333333], [4.71238898038469, 0.0], [4.817108735504349, 0.0], [4.921828490624009, 0.0], [5.026548245743669, 0.0], [5.1312680008633285, 0.0], [5.235987755982988, 0.0], [5.340707511102648, 0.0], [5.445427266222308, 0.0], [5.550147021341967, 0.0], [5.654866776461628, 0.0], [5.759586531581287, 0.0], [5.864306286700947, 0.0], [5.969026041820607, 0.0], [6.073745796940266, 0.0]]",1.4451858789480823,0.0,0.0
10100,141,2000,39827.0,8388.0,7731.0,654.0,10776.0,9962.0,1746.0,42,40,10.810171426240595,1.8857142857142857,0.5714285714285714,0.02857142857142857,"[[0.0, 0.07352941176470588], [0.10471975511965977, 0.0], [0.20943951023931953, 0.014705882352941176], [0.3141592653589793, 0.0], [0.41887902047863906, 0.014705882352941176], [0.5235987755982988, 0.0], [0.6283185307179586, 0.0], [0.7330382858376183, 0.0], [0.8377580409572781, 0.0], [0.9424777960769379, 0.0], [1.0471975511965976, 0.0], [1.1519173063162573, 0.0], [1.2566370614359172, 0.0], [1.361356816555577, 0.0], [1.4660765716752366, 0.1323529411764706], [1.5707963267948966, 0.11764705882352941], [1.6755160819145563, 0.0], [1.780235837034216, 0.0], [1.8849555921538759, 0.0], [1.9896753472735356, 0.0], [2.0943951023931953, 0.0], [2.199114857512855, 0.014705882352941176], [2.3038346126325147, 0.029411764705882353], [2.4085543677521746, 0.0], [2.5132741228718345, 0.014705882352941176], [2.617993877991494, 0.0], [2.722713633111154, 0.0], [2.827433388230814, 0.0], [2.9321531433504733, 0.0], [3.036872898470133, 0.17647058823529413], [3.141592653589793, 0.07352941176470588], [3.2463124087094526, 0.0], [3.3510321638291125, 0.014705882352941176], [3.4557519189487724, 0.0], [3.560471674068432, 0.014705882352941176], [3.665191429188092, 0.0], [3.7699111843077517, 0.0], [3.874630939427411, 0.0], [3.979350694547071, 0.0], [4.084070449666731, 0.0], [4.1887902047863905, 0.0], [4.29350995990605, 0.0], [4.39822971502571, 0.0], [4.50294947014537, 0.0], [4.607669225265029, 0.1323529411764706], [4.71238898038469, 0.11764705882352941], [4.817108735504349, 0.0], [4.921828490624009, 0.0], [5.026548245743669, 0.0], [5.1312680008633285, 0.0], [5.235987755982988, 0.0], [5.340707511102648, 0.014705882352941176], [5.445427266222308, 0.029411764705882353], [5.550147021341967, 0.0], [5.654866776461628, 0.014705882352941176], [5.759586531581287, 0.0], [5.864306286700947, 0.0], [5.969026041820607, 0.0], [6.073745796940266, 0.0]]",2.4326407242501347,0.1,0.06666666666666665
10100,98,2000,39827.0,116.0,105.0,27.0,10776.0,9962.0,1746.0,32,40,16.69925451042656,2.5925925925925926,0.2222222222222222,0.037037037037037035,"[[0.0, 0.04477611940298507], [0.10471975511965977, 0.029850746268656716], [0.20943951023931953, 0.0], [0.3141592653589793, 0.014925373134328358], [0.41887902047863906, 0.0], [0.5235987755982988, 0.014925373134328358], [0.6283185307179586, 0.014925373134328358], [0.7330382858376183, 0.0], [0.8377580409572781, 0.0], [0.9424777960769379, 0.014925373134328358], [1.0471975511965976, 0.014925373134328358], [1.1519173063162573, 0.0], [1.2566370614359172, 0.014925373134328358], [1.361356816555577, 0.0], [1.4660765716752366, 0.1791044776119403], [1.5707963267948966, 0.029850746268656716], [1.6755160819145563, 0.014925373134328358], [1.780235837034216, 0.0], [1.8849555921538759, 0.0], [1.9896753472735356, 0.0], [2.0943951023931953, 0.029850746268656716], [2.199114857512855, 0.0], [2.3038346126325147, 0.0], [2.4085543677521746, 0.0], [2.5132741228718345, 0.0], [2.617993877991494, 0.0], [2.722713633111154, 0.014925373134328358], [2.827433388230814, 0.0], [2.9321531433504733, 0.0], [3.036872898470133, 0.16417910447761194], [3.141592653589793, 0.014925373134328358], [3.2463124087094526, 0.029850746268656716], [3.3510321638291125, 0.0], [3.4557519189487724, 0.014925373134328358], [3.560471674068432, 0.0], [3.665191429188092, 0.014925373134328358], [3.7699111843077517, 0.014925373134328358], [3.874630939427411, 0.0], [3.979350694547071, 0.0], [4.084070449666731, 0.014925373134328358], [4.1887902047863905, 0.014925373134328358], [4.29350995990605, 0.0], [4.39822971502571, 0.014925373134328358], [4.50294947014537, 0.0], [4.607669225265029, 0.1791044776119403], [4.71238898038469, 0.029850746268656716], [4.817108735504349, 0.014925373134328358], [4.921828490624009, 0.0], [5.026548245743669, 0.0], [5.1312680008633285, 0.0], [5.235987755982988, 0.029850746268656716], [5.340707511102648, 0.0], [5.445427266222308, 0.0], [5.550147021341967, 0.0], [5.654866776461628, 0.0], [5.759586531581287, 0.0], [5.864306286700947, 0.014925373134328358], [5.969026041820607, 0.0], [6.073745796940266, 0.0]]",2.7475551473250293,0.12962962962962962,0.09259259259259259
10100,142,2010,40602.0,150.0,150.0,34.0,11659.0,10789.0,1906.0,3,2,0.0,1.0,1.0,0.0,"[[0.0, 0.25], [0.10471975511965977, 0.0], [0.20943951023931953, 0.0], [0.3141592653589793, 0.0], [0.41887902047863906, 0.0], [0.5235987755982988, 0.0], [0.6283185307179586, 0.0], [0.7330382858376183, 0.0], [0.8377580409572781, 0.0], [0.9424777960769379, 0.0], [1.0471975511965976, 0.0], [1.1519173063162573, 0.0], [1.2566370614359172, 0.0], [1.361356816555577, 0.0], [1.4660765716752366, 0.25], [1.5707963267948966, 0.0], [1.6755160819145563, 0.0], [1.780235837034216, 0.0], [1.8849555921538759, 0.0], [1.9896753472735356, 0.0], [2.0943951023931953, 0.0], [2.199114857512855, 0.0], [2.3038346126325147, 0.0], [2.4085543677521746, 0.0], [2.5132741228718345, 0.0], [2.617993877991494, 0.0], [2.722713633111154, 0.0], [2.827433388230814, 0.0], [2.9321531433504733, 0.0], [3.036872898470133, 0.0], [3.141592653589793, 0.25], [3.2463124087094526, 0.0], [3.3510321638291125, 0.0], [3.4557519189487724, 0.0], [3.560471674068432, 0.0], [3.665191429188092, 0.0], [3.7699111843077517, 0.0], [3.874630939427411, 0.0], [3.979350694547071, 0.0], [4.084070449666731, 0.0], [4.1887902047863905, 0.0], [4.29350995990605, 0.0], [4.39822971502571, 0.0], [4.50294947014537, 0.0], [4.607669225265029, 0.25], [4.71238898038469, 0.0], [4.817108735504349, 0.0], [4.921828490624009, 0.0], [5.026548245743669, 0.0], [5.1312680008633285, 0.0], [5.235987755982988, 0.0], [5.340707511102648, 0.0], [5.445427266222308, 0.0], [5.550147021341967, 0.0], [5.654866776461628, 0.0], [5.759586531581287, 0.0], [5.864306286700947, 0.0], [5.969026041820607, 0.0], [6.073745796940266, 0.0]]",1.3862943611198906,0.0,0.0
10100,145,2010,40602.0,181.0,180.0,78.0,11659.0,10789.0,1906.0,11,10,3.5326514796160344,1.6666666666666667,0.6666666666666666,0.0,"[[0.0, 0.06666666666666667], [0.10471975511965977, 0.0], [0.20943951023931953, 0.0], [0.3141592653589793, 0.0], [0.41887902047863906, 0.0], [0.5235987755982988, 0.0], [0.6283185307179586, 0.0], [0.7330382858376183, 0.0], [0.8377580409572781, 0.06666666666666667], [0.9424777960769379, 0.0], [1.0471975511965976, 0.0], [1.1519173063162573, 0.0], [1.2566370614359172, 0.0], [1.361356816555577, 0.0], [1.4660765716752366, 0.2], [1.5707963267948966, 0.0], [1.6755160819145563, 0.0], [1.780235837034216, 0.0], [1.8849555921538759, 0.0], [1.9896753472735356, 0.0], [2.0943951023931953, 0.0], [2.199114857512855, 0.0], [2.3038346126325147, 0.0], [2.4085543677521746, 0.0], [2.5132741228718345, 0.0], [2.617993877991494, 0.0], [2.722713633111154, 0.0], [2.827433388230814, 0.0], [2.9321531433504733, 0.0], [3.036872898470133, 0.3333333333333333], [3.141592653589793, 0.06666666666666667], [3.2463124087094526, 0.0], [3.3510321638291125, 0.0], [3.4557519189487724, 0.0], [3.560471674068432, 0.0], [3.665191429188092, 0.0], [3.7699111843077517, 0.0], [3.874630939427411, 0.0], [3.979350694547071, 0.06666666666666667], [4.084070449666731, 0.0], [4.1887902047863905, 0.0], [4.29350995990605, 0.0], [4.39822971502571, 0.0], [4.50294947014537, 0.0], [4.607669225265029, 0.2], [4.71238898038469, 0.0], [4.817108735504349, 0.0], [4.921828490624009, 0.0], [5.026548245743669, 0.0], [5.1312680008633285, 0.0], [5.235987755982988, 0.0], [5.340707511102648, 0.0], [5.445427266222308, 0.0], [5.550147021341967, 0.0], [5.654866776461628, 0.0], [5.759586531581287, 0.0], [5.864306286700947, 0.0], [5.969026041820607, 0.0], [6.073745796940266, 0.0]]",1.732125981490266,0.16666666666666666,0.1111111111111111
10100,152,2010,40602.0,9187.0,8466.0,766.0,11659.0,10789.0,1906.0,31,24,8.559357797118,1.3,0.85,0.0,"[[0.0, 0.06976744186046512], [0.10471975511965977, 0.0], [0.20943951023931953, 0.0], [0.3141592653589793, 0.0], [0.41887902047863906, 0.0], [0.5235987755982988, 0.023255813953488372], [0.6283185307179586, 0.0], [0.7330382858376183, 0.0], [0.8377580409572781, 0.0], [0.9424777960769379, 0.0], [1.0471975511965976, 0.0], [1.1519173063162573, 0.0], [1.2566370614359172, 0.0], [1.361356816555577, 0.0], [1.4660765716752366, 0.18604651162790697], [1.5707963267948966, 0.06976744186046512], [1.6755160819145563, 0.0], [1.780235837034216, 0.0], [1.8849555921538759, 0.0], [1.9896753472735356, 0.0], [2.0943951023931953, 0.046511627906976744], [2.199114857512855, 0.0], [2.3038346126325147, 0.023255813953488372], [2.4085543677521746, 0.0], [2.5132741228718345, 0.0], [2.617993877991494, 0.0], [2.722713633111154, 0.0], [2.827433388230814, 0.0], [2.9321531433504733, 0.023255813953488372], [3.036872898470133, 0.11627906976744186], [3.141592653589793, 0.06976744186046512], [3.2463124087094526, 0.0], [3.3510321638291125, 0.0], [3.4557519189487724, 0.0], [3.560471674068432, 0.0], [3.665191429188092, 0.023255813953488372], [3.7699111843077517, 0.0], [3.874630939427411, 0.0], [3.979350694547071, 0.0], [4.084070449666731, 0.0], [4.1887902047863905, 0.0], [4.29350995990605, 0.0], [4.39822971502571, 0.0], [4.50294947014537, 0.0], [4.607669225265029, 0.18604651162790697], [4.71238898038469, 0.06976744186046512], [4.817108735504349, 0.0], [4.921828490624009, 0.0], [5.026548245743669, 0.0], [5.1312680008633285, 0.0], [5.235987755982988, 0.046511627906976744], [5.340707511102648, 0.0], [5.445427266222308, 0.023255813953488372], [5.550147021341967, 0.0], [5.654866776461628, 0.0], [5.759586531581287, 0.0], [5.864306286700947, 0.0], [5.969026041820607, 0.0], [6.073745796940266, 0.023255813953488372]]",2.429242199058563,0.0,0.0
10100,139,2010,40602.0,137.0,133.0,45.0,11659.0,10789.0,1906.0,8,5,0.0,1.0,1.0,0.0,"[[0.0, 0.125], [0.10471975511965977, 0.0], [0.20943951023931953, 0.0], [0.3141592653589793, 0.0], [0.41887902047863906, 0.0], [0.5235987755982988, 0.0], [0.6283185307179586, 0.0], [0.7330382858376183, 0.0], [0.8377580409572781, 0.0], [0.9424777960769379, 0.0], [1.0471975511965976, 0.0], [1.1519173063162573, 0.0], [1.2566370614359172, 0.0], [1.361356816555577, 0.0], [1.4660765716752366, 0.125], [1.5707963267948966, 0.125], [1.6755160819145563, 0.0], [1.780235837034216, 0.0], [1.8849555921538759, 0.0], [1.9896753472735356, 0.0], [2.0943951023931953, 0.0], [2.199114857512855, 0.0], [2.3038346126325147, 0.0], [2.4085543677521746, 0.0], [2.5132741228718345, 0.0], [2.617993877991494, 0.0], [2.722713633111154, 0.0], [2.827433388230814, 0.0], [2.9321531433504733, 0.0], [3.036872898470133, 0.25], [3.141592653589793, 0.125], [3.2463124087094526, 0.0], [3.3510321638291125, 0.0], [3.4557519189487724, 0.0], [3.560471674068432, 0.0], [3.665191429188092, 0.0], [3.7699111843077517, 0.0], [3.874630939427411, 0.0], [3.979350694547071, 0.0], [4.084070449666731, 0.0], [4.1887902047863905, 0.0], [4.29350995990605, 0.0], [4.39822971502571, 0.0], [4.50294947014537, 0.0], [4.607669225265029, 0.125], [4.71238898038469, 0.125], [4.817108735504349, 0.0], [4.921828490624009, 0.0], [5.026548245743669, 0.0], [5.1312680008633285, 0.0], [5.235987755982988, 0.0], [5.340707511102648, 0.0], [5.445427266222308, 0.0], [5.550147021341967, 0.0], [5.654866776461628, 0.0], [5.759586531581287, 0.0], [5.864306286700947, 0.0], [5.969026041820607, 0.0], [6.073745796940266, 0.0]]",1.9061547465398494,0.0,0.0
10100,138,2010,40602.0,199.0,199.0,29.0,11659.0,10789.0,1906.0,3,2,0.0,1.0,1.0,0.0,"[[0.0, 0.0], [0.10471975511965977, 0.0], [0.20943951023931953, 0.0], [0.3141592653589793, 0.0], [0.41887902047863906, 0.0], [0.5235987755982988, 0.0], [0.6283185307179586, 0.0], [0.7330382858376183, 0.0], [0.8377580409572781, 0.0], [0.9424777960769379, 0.0], [1.0471975511965976, 0.0], [1.1519173063162573, 0.0], [1.2566370614359172, 0.0], [1.361356816555577, 0.0], [1.4660765716752366, 0.3333333333333333], [1.5707963267948966, 0.0], [1.6755160819145563, 0.0], [1.780235837034216, 0.0], [1.8849555921538759, 0.0], [1.9896753472735356, 0.0], [2.0943951023931953, 0.0], [2.199114857512855, 0.0], [2.3038346126325147, 0.0], [2.4085543677521746, 0.0], [2.5132741228718345, 0.0], [2.617993877991494, 0.0], [2.722713633111154, 0.0], [2.827433388230814, 0.0], [2.9321531433504733, 0.0], [3.036872898470133, 0.3333333333333333], [3.141592653589793, 0.0], [3.2463124087094526, 0.0], [3.3510321638291125, 0.0], [3.4557519189487724, 0.0], [3.560471674068432, 0.0], [3.665191429188092, 0.0], [3.7699111843077517, 0.0], [3.874630939427411, 0.0], [3.979350694547071, 0.0], [4.084070449666731, 0.0], [4.1887902047863905, 0.0], [4.29350995990605, 0.0], [4.39822971502571, 0.0], [4.50294947014537, 0.0], [4.607669225265029, 0.3333333333333333], [4.71238898038469, 0.0], [4.817108735504349, 0.0], [4.921828490624009, 0.0], [5.026548245743669, 0.0], [5.1312680008633285, 0.0], [5.235987755982988, 0.0], [5.340707511102648, 0.0], [5.445427266222308, 0.0], [5.550147021341967, 0.0], [5.654866776461628, 0.0], [5.759586531581287, 0.0], [5.864306286700947, 0.0], [5.969026041820607, 0.0], [6.073745796940266, 0.0]]",1.0986122886681096,0.0,0.0
10100,127,2010,40602.0,99.0,97.0,16.0,11659.0,10789.0,1906.0,75,121,20.087299514239028,3.373134328358209,0.08955223880597014,0.5522388059701493,"[[0.0, 0.13333333333333333], [0.10471975511965977, 0.0], [0.20943951023931953, 0.0], [0.3141592653589793, 0.0], [0.41887902047863906, 0.0], [0.5235987755982988, 0.0], [0.6283185307179586, 0.0], [0.7330382858376183, 0.0], [0.8377580409572781, 0.0], [0.9424777960769379, 0.0], [1.0471975511965976, 0.0], [1.1519173063162573, 0.0], [1.2566370614359172, 0.0], [1.361356816555577, 0.0], [1.4660765716752366, 0.1], [1.5707963267948966, 0.16666666666666666], [1.6755160819145563, 0.004761904761904762], [1.780235837034216, 0.0], [1.8849555921538759, 0.0], [1.9896753472735356, 0.0], [2.0943951023931953, 0.0], [2.199114857512855, 0.0], [2.3038346126325147, 0.0], [2.4085543677521746, 0.0], [2.5132741228718345, 0.0], [2.617993877991494, 0.0], [2.722713633111154, 0.0], [2.827433388230814, 0.0], [2.9321531433504733, 0.01904761904761905], [3.036872898470133, 0.1523809523809524], [3.141592653589793, 0.13333333333333333], [3.2463124087094526, 0.0], [3.3510321638291125, 0.0], [3.4557519189487724, 0.0], [3.560471674068432, 0.0], [3.665191429188092, 0.0], [3.7699111843077517, 0.0], [3.874630939427411, 0.0], [3.979350694547071, 0.0], [4.084070449666731, 0.0], [4.1887902047863905, 0.0], [4.29350995990605, 0.0], [4.39822971502571, 0.0], [4.50294947014537, 0.0], [4.607669225265029, 0.1], [4.71238898038469, 0.16666666666666666], [4.817108735504349, 0.004761904761904762], [4.921828490624009, 0.0], [5.026548245743669, 0.0], [5.1312680008633285, 0.0], [5.235987755982988, 0.0], [5.340707511102648, 0.0], [5.445427266222308, 0.0], [5.550147021341967, 0.0], [5.654866776461628, 0.0], [5.759586531581287, 0.0], [5.864306286700947, 0.0], [5.969026041820607, 0.0], [6.073745796940266, 0.01904761904761905]]",2.0835758019698285,0.4626865671641791,0.39303482587064675
10100,154,2015,42396.0,194.0,191.0,83.0,11729.0,10848.0,1924.0,4,2,0.0,1.0,1.0,0.0,"[[0.0, 0.0], [0.10471975511965977, 0.0], [0.20943951023931953, 0.0], [0.3141592653589793, 0.0], [0.41887902047863906, 0.0], [0.5235987755982988, 0.0], [0.6283185307179586, 0.0], [0.7330382858376183, 0.0], [0.8377580409572781, 0.0], [0.9424777960769379, 0.0], [1.0471975511965976, 0.0], [1.1519173063162573, 0.0], [1.2566370614359172, 0.0], [1.361356816555577, 0.0], [1.4660765716752366, 0.3333333333333333], [1.5707963267948966, 0.0], [1.6755160819145563, 0.0], [1.780235837034216, 0.0], [1.8849555921538759, 0.0], [1.9896753472735356, 0.0], [2.0943951023931953, 0.0], [2.199114857512855, 0.0], [2.3038346126325147, 0.0], [2.4085543677521746, 0.0], [2.5132741228718345, 0.0], [2.617993877991494, 0.0], [2.722713633111154, 0.0], [2.827433388230814, 0.0], [2.9321531433504733, 0.0], [3.036872898470133, 0.3333333333333333], [3.141592653589793, 0.0], [3.2463124087094526, 0.0], [3.3510321638291125, 0.0], [3.4557519189487724, 0.0], [3.560471674068432, 0.0], [3.665191429188092, 0.0], [3.7699111843077517, 0.0], [3.874630939427411, 0.0], [3.979350694547071, 0.0], [4.084070449666731, 0.0], [4.1887902047863905, 0.0], [4.29350995990605, 0.0], [4.39822971502571, 0.0], [4.50294947014537, 0.0], [4.607669225265029, 0.3333333333333333], [4.71238898038469, 0.0], [4.817108735504349, 0.0], [4.921828490624009, 0.0], [5.026548245743669, 0.0], [5.1312680008633285, 0.0], [5.235987755982988, 0.0], [5.340707511102648, 0.0], [5.445427266222308, 0.0], [5.550147021341967, 0.0], [5.654866776461628, 0.0], [5.759586531581287, 0.0], [5.864306286700947, 0.0], [5.969026041820607, 0.0], [6.073745796940266, 0.0]]",1.0986122886681096,0.0,0.0
